,type,fullnames,model,n_samples,avg_dice,tile_sizes,pixel_sizes,dice_sample_0,dice_sample_1,dice_sample_2,dice_sample_3,dice_sample_4,dice_sample_5,dice_sample_6,dice_sample_7,dice_sample_8,dice_sample_9,dice_sample_10,dice_sample_11,dice_sample_12,dice_sample_13,dice_sample_14,dice_sample_15,dice_sample_16,dice_sample_17,dice_sample_18,dice_sample_19,dice_sample_20,dice_sample_21,dice_sample_22,dice_sample_23,dice_sample_24,dice_sample_25,dice_sample_26,dice_sample_27,dice_sample_28,dice_sample_29
0,base,deeplab_256_10_n128_RESNET101,deeplab,128,0.589244351119845,256,10,0.6855544621121873,0.2569269521410579,0.4209097080787508,0.2905435191656362,0.6905068854380311,0.1651994439998315,0.7115764561696373,0.7063277278060227,0.8166009189899975,0.8294060890692024,0.5554551236985705,0.8083441981747066,0.6753367793924707,0.7438888730425853,0.7782729199500027,0.7263441105385563,0.5613915416098226,0.8801717582859955,0.7567164179104477,0.5774594099162011,0.4061629466588712,0.7721725761506678,0.4691168963757018,0.7801007556675063,0.7958489256954747,0.3063908409510824,0.3358885017421603,0.7254625157886916,0.1820711047864218,0.2671821742890573
1,base,deeplab_256_10_n128_RESNET50,deeplab,128,0.6009724569615571,256,10,0.5400175901495162,0.2220964455512791,0.705731941189005,0.2273686693001592,0.7286933921139642,0.1975920910959574,0.6308410298645019,0.7288278863455664,0.8405405405405405,0.7948480670808861,0.4842080336263801,0.8896135034046226,0.7445542339981948,0.6981321332718844,0.7847636271157704,0.8020879232620411,0.6066746126340882,0.8841261975553353,0.8309729231103152,0.4342897626638328,0.4803184431667404,0.7637977614820533,0.4290473017988008,0.7864856659582773,0.761072853599544,0.3074002363650079,0.4087416846247541,0.7521412803532009,0.2163473460630303,0.3478405315614618
2,base,deeplab_256_10_n2_RESNET101,deeplab,2,0.3936920260108539,256,10,0.5858988409551327,0.123086304144254,0.1419115434760806,0.2540887658764454,0.4318004949153135,0.1238682169592864,0.1672872071180301,0.4948662768370179,0.7410874765630051,0.3060620403665058,0.3218779699676867,0.4847793753098661,0.6235134563071786,0.466538143762049,0.6108707587570001,0.6312350597609562,0.3435292455495903,0.6852530709370378,0.5873343504143109,0.5215909585819433,0.2531599855543517,0.3479496898690558,0.1918301241677164,0.5489449553583398,0.5576585774496715,0.2985157479956682,0.0723047448433728,0.6333131995938982,0.1303102184159452,0.1302939805189077
3,base,deeplab_256_10_n2_RESNET50,deeplab,2,0.247585232528349,256,10,0.2113344090753508,0.0012649078424286,0.194119612429001,0.1106031299454897,0.252488055445395,0.1269404598152878,0.1237692408995483,0.2580366330520683,0.2997317727383565,0.2461703323190484,0.3064178340391865,0.4964954307514861,0.3689615433864014,0.3765866981161354,0.4596429272120855,0.1823989084594393,0.0858820240424937,0.3775962660443407,0.3458607907742998,0.1102627151546525,0.0975862292111564,0.3937992046100154,0.2357927181660566,0.414878750513769,0.3997623174052983,0.3097768263450026,0.057560207433955,0.342369771030571,0.1243479513905567,0.1171193082015943
4,base,deeplab_256_10_n32_RESNET101,deeplab,32,0.5538017394117873,256,10,0.4526748971193415,0.0170375521557719,0.4224361347649019,0.3453540169677433,0.6627291169236845,0.2071836537688038,0.6680978003289749,0.6744245995212668,0.8394995588049918,0.5424556290793832,0.5849976034510305,0.7543940369927303,0.5575971577410144,0.6216842974681533,0.7548581391662704,0.7806274159976212,0.4780800933693194,0.8269496588932983,0.7523097685041005,0.2988789878329977,0.5441525088897669,0.7012765957446808,0.4586566764784586,0.6706752565020282,0.7659971901143112,0.3527065224446923,0.2475877780755829,0.746277315799652,0.4444345125030727,0.4400177069499779
5,base,deeplab_256_10_n32_RESNET50,deeplab,32,0.5374139129574761,256,10,0.5546805083228924,0.2857346495135597,0.4486682182570468,0.1397969260375256,0.6518544590611114,0.1221356624931276,0.5890207258668253,0.6677206070037629,0.792973244048497,0.6786192168003639,0.3784071911419087,0.7642863591225061,0.6660265314303293,0.6370518874145981,0.7149323780166069,0.7719150861094058,0.4923750566208666,0.8819340499841248,0.747641387843481,0.3013502271709221,0.3316604313045594,0.6642965972574911,0.4581718714383405,0.7158716924832156,0.7554955157792037,0.2790820540989311,0.4638118383195061,0.7383897719419489,0.2001640689089417,0.2283491749326827
6,base,deeplab_256_10_n8_RESNET101,deeplab,8,0.5383832785176034,256,10,0.458090231644619,0.1092996701344836,0.2767520349414334,0.3346368715083799,0.604527773708966,0.2187014312556542,0.6396464905970609,0.6034782309531591,0.8149779735682819,0.6229575391723958,0.5923196416314439,0.6737445230872936,0.7065379454301476,0.6296476011402924,0.7202456203720426,0.7958281333571047,0.49728788589031,0.8324048479693813,0.6840145148968678,0.5201030559721376,0.5179013280816038,0.6627874237447208,0.4903154399557277,0.7033431705061005,0.7234351095223939,0.3510311313001896,0.1922847780756628,0.7080979908237126,0.1256188513269447,0.3414811149595909
7,base,deeplab_256_10_n8_RESNET50,deeplab,8,0.6057571800526507,256,10,0.7228554610156793,0.1472513368983957,0.7085084033613446,0.2473510569588213,0.6725009022013714,0.2450317344709187,0.696724425767083,0.6243478558355142,0.8532638071921401,0.6576316836531693,0.6576927812205031,0.832536858159634,0.7163497797007106,0.691972920696325,0.8302479677573604,0.8588636064216212,0.4603566529492455,0.9034381224560492,0.8463147410358566,0.4587327004460711,0.5294699058419602,0.8316008316008316,0.7267702936096718,0.7389676257287766,0.7462961400062914,0.3758793854882806,0.0571782433687687,0.8057329969402545,0.260972560373758,0.2678746204231184
8,base,deeplab_256_25_n128_RESNET101,deeplab,128,0.4560455479748632,256,25,0.3623751387347392,0.0,0.0,0.0090021231422505,0.5775930957327793,0.1729160210722032,0.601221130873374,0.6150390525294809,0.7916818016709045,0.7982904270593342,0.6051108968177434,0.5509372453137734,0.540615548834727,0.6525475751995089,0.7139180360324688,0.7695048094050588,0.2616580310880829,0.6317109884596086,0.69773145309626,0.6581038293804887,0.3311342838901894,0.3240381221320155,0.08,0.6436684896928901,0.6731936926335609,0.2076927726622474,0.2155409697226339,0.509679690249912,0.1617439278745879,0.5247172859450727
9,base,deeplab_256_25_n128_RESNET50,deeplab,128,0.546138770769615,256,25,0.4681481481481481,0.3059805285118219,0.0,0.0248648648648648,0.7180774056558247,0.259063829787234,0.5917969976760253,0.7547110716709297,0.8331026847495157,0.8468237704918032,0.5684787189211968,0.7238188017535314,0.6308614813856175,0.6622083981337481,0.8067444876783398,0.8016428016428017,0.4886052871467639,0.8003982080637133,0.8544812078380983,0.5063947704987921,0.4785276073619632,0.4585070102311481,0.3602941176470588,0.8472473507366245,0.7805257142857143,0.360961004819629,0.1741309113686188,0.6237477132154369,0.1771933606380685,0.4768248681654177
10,base,deeplab_256_25_n2_RESNET101,deeplab,2,0.1009429517859717,256,25,0.0,0.0983845499817806,0.0017905102954341,0.0635909048023398,0.1781694312796208,0.0289115646258503,0.0486566601976728,0.0305378654185529,0.299145968816109,0.2000738446699972,0.2205779422057794,0.0,0.165160014216618,0.1746091780131114,0.0,0.1608073455207213,0.0844030244417091,0.3632723112128146,0.2644795463750506,0.0204470812586079,0.0934852140732843,0.0,0.0,0.0,0.3041345722082139,0.065117893321186,0.0021130009076975,0.1092084450863076,0.0106766548815066,0.0405350297691868
11,base,deeplab_256_25_n2_RESNET50,deeplab,2,0.3843761761079696,256,25,0.516546762589928,0.0214987714987715,0.4176334106728538,0.0258159690208371,0.4284306826178747,0.1233825278030356,0.1515262515262515,0.3422173252732199,0.7635283976630591,0.3428934655479277,0.6194100856327307,0.5259313367421475,0.4564942341756136,0.5826494724501758,0.445966808182169,0.6151616499442586,0.5,0.6994637444625786,0.6672706681766705,0.2077240667469465,0.2580043518806341,0.45867460908414,0.0,0.6384908398331217,0.52984618279317,0.2297311839528227,0.0580502170810942,0.6660502647726317,0.0554903637701624,0.1834016393442623
12,base,deeplab_256_25_n32_RESNET101,deeplab,32,0.3512447709820204,256,25,0.3042446612180332,0.0,0.0383104125736738,0.0627456032983315,0.5319240354043139,0.1345386865195426,0.3554835984795157,0.4605364830555249,0.6483695132447165,0.6072599880739415,0.4354243542435424,0.4397905759162304,0.3474160143905878,0.5669247009148487,0.587201233616037,0.5152467196451672,0.2658227848101265,0.6035402004691832,0.5255226057365094,0.4002148956625007,0.2852087756546355,0.3640743289745354,0.0,0.5958986731001207,0.573729863692689,0.1838739311709419,0.004034065441506,0.3575017946877243,0.1281064614397947,0.2143981680263346
13,base,deeplab_256_25_n32_RESNET50,deeplab,32,0.4997231459431918,256,25,0.5033801352054083,0.0668029993183367,0.2295652173913043,0.0169028963817237,0.6902196435971819,0.1780162842339008,0.3243289993369274,0.6777940560904144,0.8513739781345415,0.7610275426896738,0.5746465372633597,0.6028789161727349,0.3925002686150209,0.6553356282271945,0.7739285714285714,0.6589425287356322,0.5648008068582955,0.7747368421052632,0.855934762911507,0.4588988777248957,0.3428805237315875,0.7343550446998723,0.6556701030927835,0.8134048257372655,0.7394750103073893,0.1905578172987643,0.0,0.5478405076068931,0.1014634146341463,0.2540316387651666
14,base,deeplab_256_25_n8_RESNET101,deeplab,8,0.346451004701052,256,25,0.5173922099562591,0.0158570349861565,0.0868475991649269,0.0,0.371909305427311,0.0598567598927699,0.4712837837837837,0.3410243145369891,0.7009823182711199,0.6940479318095572,0.2448032830760995,0.3636363636363636,0.4486488523725172,0.5119022088784044,0.5939813709099594,0.6024056681496128,0.2857697534459328,0.5711808565978845,0.6356266888380794,0.2514090774250964,0.2112225774446036,0.3005339435545385,0.152135231316726,0.4722399489470325,0.4645787211876546,0.1520928871109376,0.0,0.6792009400705052,0.0891532950689178,0.1038072151718237
15,base,deeplab_256_25_n8_RESNET50,deeplab,8,0.4281718743219554,256,25,0.6795653326265572,0.0991150442477876,0.1826771653543307,0.0146176653106253,0.5863148479427549,0.1818587029195453,0.3588967500283758,0.4408579973187583,0.7818100757913509,0.71350861287398,0.3921176638583464,0.5684830633284241,0.4335564053537284,0.6826908984317749,0.6328396651641983,0.5699034461103697,0.5346250448510944,0.6253308128544424,0.7004878048780487,0.4963782696177062,0.2747191011235955,0.4823663253697383,0.2707034728406055,0.64977856510186,0.6707633374566059,0.1091987216510723,0.0037986704653371,0.4904412251108024,0.0658045506629562,0.1519469910138876
16,base,deeplab_512_10_n128_RESNET101,deeplab,128,0.6074798423386905,512,10,0.6134297038936816,0.2756052141527002,0.774365821094793,0.1664424849300055,0.7202592984820769,0.2327543218085106,0.6197806102056225,0.6232393368286807,0.8777760127084988,0.7526111833386719,0.7218468468468469,0.8507113623075424,0.6626293519154075,0.7605488629775172,0.8593966659476782,0.8714999125585372,0.651685393258427,0.9011992124574906,0.869908584410667,0.3897938578708451,0.548162583518931,0.82793867120954,0.5773254170200736,0.8609324758842444,0.811292432078949,0.185418313474056,0.0860355222421378,0.5839857904085257,0.2234957020057306,0.3243243243243243
17,base,deeplab_512_10_n128_RESNET50,deeplab,128,0.4769503127832165,512,10,0.4075086716996531,0.3519941646911715,0.2197107299024554,0.1297906776839024,0.6237054085155351,0.102819893189773,0.5839127595016246,0.693386839465158,0.838580320804405,0.8029210671787262,0.4642886339482791,0.6176797749133024,0.5582056608673072,0.5528669121514992,0.6796674732277617,0.7012123823004492,0.4251962444205017,0.8041157056882159,0.7199493693775145,0.4592256404257808,0.2869597650240104,0.2489626556016597,0.1925336365359105,0.6102218053075922,0.785026485514541,0.1704194941394201,0.1438873479837849,0.567575498879522,0.1293104476543769,0.4368739169026586
18,base,deeplab_512_10_n2_RESNET101,deeplab,2,0.1500531722999879,512,10,0.3153924393965079,0.0026954177897574,0.0453461848491604,0.0,0.2188193237188119,0.0965915611491526,0.0846895420776703,0.0720799410740941,0.352864186665764,0.1378427444144685,0.2337363779040208,0.1173152125136226,0.1269800223101105,0.1799249335349007,0.0857432504535268,0.2000870619694661,0.1679346688071473,0.0715391163042637,0.3378195633975143,0.30509298650784,0.1684010262027615,0.1948176073912812,0.0509974644787829,0.3103579254930606,0.2128679256423629,0.0131534491396083,0.0,0.3154248829062857,0.0,0.0830803529076937
19,base,deeplab_512_10_n2_RESNET50,deeplab,2,0.3717102295395525,512,10,0.6201121440165265,0.0224144016943169,0.2862288722637849,0.1819906926309131,0.3753118168959753,0.067438511755248,0.3244509328926893,0.3340220615189789,0.7074997486679401,0.0597926267281106,0.2960253765752024,0.5029398954703833,0.5482423269880177,0.5983749136226082,0.6980735551663748,0.692156890007369,0.4065834031242035,0.5870830985537578,0.7522195318805488,0.0,0.2095088997039104,0.4037889307677048,0.2545671641791044,0.58842635197315,0.5158648256153311,0.1560672410282175,0.0297604124147105,0.6332181198627209,0.1414647427171249,0.1576793974716521
20,base,deeplab_512_10_n32_RESNET101,deeplab,32,0.5086261912150405,512,10,0.5844954266006898,0.4539165818921668,0.410556484356341,0.0718995902971971,0.5799729840841017,0.2107114237378684,0.3301788857628597,0.589599059287638,0.7679483946324047,0.64290789964952,0.453467977677385,0.6356272637471189,0.6014838552370337,0.6470438328236493,0.7757191871206123,0.844061551798873,0.6298759432152449,0.7615278483770241,0.7969145061067067,0.3487097795733492,0.4352211016291699,0.5159577911568589,0.3196881091617933,0.7003135632797385,0.6873152136858091,0.2138376868420884,0.0870150025866528,0.6338902832556472,0.1998153742866733,0.3291131345889984
21,base,deeplab_512_10_n32_RESNET50,deeplab,32,0.5206012220503372,512,10,0.5973074740805695,0.3254792569291946,0.4621838057709419,0.1734765491842177,0.6714052192188685,0.0997162148938252,0.6139969305802709,0.6127803697943667,0.8254515191777022,0.5900503617353069,0.4058157243479916,0.6803242446573323,0.50985328587551,0.7277881123217291,0.6969047680512171,0.5938823057845029,0.5453541045188377,0.8251117619855095,0.845429523395625,0.3367324493871912,0.3613379442620092,0.5390309555854643,0.3311052386133996,0.7810692375109552,0.7155182045011607,0.2240383703088142,0.5038149594472815,0.5572356630824373,0.1919888954987111,0.2738532110091743
22,base,deeplab_512_10_n8_RESNET101,deeplab,8,0.4508489838728505,512,10,0.6302820290692078,0.179027578165252,0.4274215186477059,0.0529797979797979,0.5179832246425646,0.1808001152281156,0.524882788227984,0.3249156396713615,0.7592199865514923,0.0380440520178511,0.4369653193996209,0.6213464696223316,0.4199950882989886,0.6382968077654358,0.7411564064477086,0.8319060872047385,0.5122799019887173,0.609978461629245,0.7884289185348187,0.1174793355587347,0.3937948268587933,0.531748681311344,0.3132530120481928,0.7281605351170568,0.6598155003231683,0.2718601489736993,0.0,0.7330038475779578,0.1836112892880051,0.3568321480356279
23,base,deeplab_512_10_n8_RESNET50,deeplab,8,0.4425620969003525,512,10,0.4539622524560697,0.2889815485256298,0.368369351669941,0.1425533859323118,0.5178232583355923,0.0698787431662977,0.3900028550721455,0.6513789676155337,0.8024395677843378,0.648561427385721,0.385586319218241,0.4972357723577236,0.6008310328962503,0.5859818670917605,0.7267183598370351,0.5700487666303679,0.3589906028930419,0.7471115061188214,0.7724935732647815,0.30267501359084,0.2541917212223202,0.4854239748397242,0.2256084656084656,0.7037401262570186,0.6494660994878028,0.2170507484936952,0.0,0.5140060679107269,0.16642280643791,0.1793287249104689
24,base,deeplab_512_25_n128_RESNET101,deeplab,128,0.4831681696142458,512,25,0.4765415549597855,0.0,0.0,0.0237869982430058,0.6873640976081179,0.0997772828507795,0.6946862413927504,0.6368142197914887,0.8364923498515643,0.8085121500639477,0.5251286110011871,0.7803500846979108,0.4335849891019364,0.798543224075139,0.5365541922290389,0.6901322482197355,0.6247969680563076,0.8461538461538461,0.6348104644954619,0.5290637430223619,0.3748452587274077,0.6998112020138452,0.759493670886076,0.6613418530351438,0.6862827666070113,0.2045039798097457,0.0,0.3226497907522711,0.0404645254944656,0.0825587752870421
25,base,deeplab_512_25_n128_RESNET50,deeplab,128,0.4891417698940307,512,25,0.6829109811565952,0.0959232613908872,0.238954573739888,0.0,0.704168575355016,0.1650260567458019,0.5951226787978223,0.7116589415779555,0.8495735072754641,0.7860042092603728,0.4792812614594793,0.5595667870036101,0.5490627512376761,0.7201699901928735,0.5029438405797102,0.6547707100591716,0.5972602739726027,0.7629830174747724,0.6134686346863468,0.5112667918532429,0.2576843446408663,0.7088167053364269,0.2067183462532299,0.6057064283258852,0.7242676827816147,0.1175948372998258,0.1958298112144266,0.53072,0.2145972666472811,0.3322008305020762
26,base,deeplab_512_25_n2_RESNET101,deeplab,2,0.1030516317269712,512,25,0.0,0.0,0.0,0.0,0.20392015824492,0.2662207357859532,0.0,0.002615518744551,0.1490421455938697,0.0,0.0,0.6026392961876833,0.0292073960664232,0.0,0.2179397337070777,0.1807709348692955,0.0,0.0,0.6478664192949907,0.0,0.2850162866449511,0.0,0.0,0.0721380031364349,0.1789529914529914,0.0593867670790747,0.0,0.195832565000922,0.0,0.0
27,base,deeplab_512_25_n2_RESNET50,deeplab,2,0.1315958064101545,512,25,0.1124000627057532,0.0,0.0,0.0,0.3840915938535703,0.0144404332129963,0.1504405666897028,0.0,0.0744274809160305,0.3672483710757734,0.2910277324632953,0.3286595625350533,0.0792285354227165,0.4638097190896043,0.1686530245109062,0.0,0.3177935074444715,0.0920783993466721,0.0,0.0,0.1080053509821868,0.1581087951194712,0.3473282442748092,0.2750709823963657,0.1712351945854484,0.0230650119022857,0.0,0.0,0.0207616237775228,0.0
28,base,deeplab_512_25_n32_RESNET101,deeplab,32,0.4558287187002038,512,25,0.6838755304101839,0.0391996733360555,0.0,0.0,0.683769116921559,0.0976931803857305,0.4352689587103142,0.6919349255797854,0.8326008789452657,0.6824525074277482,0.4215302769519637,0.5618387449835827,0.5965518897373097,0.7685909166528032,0.6237702738633342,0.6569674067076051,0.6293766011955594,0.8418156808803301,0.7444001227370359,0.0943754149672768,0.3396591789310612,0.6434878587196468,0.0,0.729106628242075,0.7119033399182249,0.1395680037977688,0.0,0.5652563789027472,0.0132342461569785,0.4466338259441708
29,base,deeplab_512_25_n32_RESNET50,deeplab,32,0.5047083361892206,512,25,0.7283763277693475,0.0423337856173677,0.2240837696335078,0.0,0.6949962817380219,0.1209508015478164,0.680438827227818,0.699625287078448,0.8644259430568404,0.775944120356156,0.514606306829174,0.7852314092563702,0.4731611834675902,0.7872533043635705,0.4581734458940905,0.6665408567654274,0.7965169569202566,0.7899761336515513,0.7013138686131387,0.3197008462901003,0.3659839715048976,0.6758241758241759,0.3330087633885102,0.7679814385150812,0.7380592281797336,0.0640586797066014,0.1505719606278265,0.4861285375714484,0.0783415166393889,0.3576423576423576
30,base,deeplab_512_25_n8_RESNET101,deeplab,8,0.1291947322583201,512,25,0.200079978672354,0.0,0.0880594310563507,0.0,0.3995762507824914,0.0204726347747599,0.0,0.0,0.5117736012097646,0.0,0.0861695107004808,0.1174408413672217,0.0,0.2998735472993316,0.1851586373410797,0.0,0.3375462392108508,0.2881397840600016,0.0,0.0930337688169612,0.0698417155090724,0.1327370667750787,0.2702265372168285,0.2978172999191593,0.4778951230378154,0.0,0.0,0.0,0.0,0.0
31,base,deeplab_512_25_n8_RESNET50,deeplab,8,0.3116923090996177,512,25,0.2114368092263334,0.0196825396825396,0.0,0.0140871643292874,0.5423728813559322,0.1351923316320179,0.6293716767767543,0.3048823322795925,0.6799903684083795,0.517510958470785,0.0,0.6026058631921825,0.2403135835971656,0.4471113591962043,0.2670100880017171,0.4604456824512535,0.4914756025867137,0.2980724024447578,0.7689735874289535,0.2343186114452655,0.3929824561403509,0.534466477809254,0.580110497237569,0.0190571715145436,0.3751703255109765,0.1457074867289035,0.0,0.3235724743777452,0.0,0.1148485411633525
32,base,samlora_256_10_n128_VIT_B,samlora,128,0.5446993980267885,256,10,0.4532753803166718,0.1337986712639811,0.3837029396596184,0.0042599474304359,0.577448477351091,0.3025345686225412,0.7312878032353741,0.7177770229834862,0.8087224603353635,0.7238826501263037,0.4895194348344332,0.7011021307861867,0.6899303312322118,0.6631738656298896,0.7670248989146627,0.7671457344758134,0.3785488958990536,0.780361357217472,0.7530091050410838,0.2682079148985196,0.5209257576567428,0.6851009016745384,0.3858609794628752,0.764856619890177,0.7351705343957996,0.3714902807775378,0.3356349635663601,0.8036733499195082,0.3400792646934817,0.3034756985124436
33,base,samlora_256_10_n128_VIT_L,samlora,128,0.532175780092129,256,10,0.4483967935871743,0.1968948257723085,0.2646129541864139,0.2354811628442582,0.5291056188643876,0.1696846795384439,0.7638045808417014,0.6863010545981291,0.7259001792212024,0.8270966711173496,0.3738227813294837,0.7500415765840679,0.7337682803832577,0.5734669095324832,0.4901104635991998,0.8072979280107488,0.4783897643938212,0.6636837678721614,0.6279559442824749,0.6977316315058528,0.405877713669005,0.6342828914869093,0.4823586273562107,0.5841966697439054,0.6887675812623248,0.2777377048015321,0.5623318385650224,0.6817625987253816,0.2575115656196737,0.3468986434689864
34,base,samlora_256_10_n2_VIT_B,samlora,2,0.4942892087093556,256,10,0.4683479739302918,0.0277790143792013,0.4378450409289929,0.0119663122297011,0.6387032748924909,0.3679814048086002,0.3002454740718012,0.3994501553908678,0.842160361646443,0.2697885086021113,0.6587349763263324,0.7168781114501365,0.4636220884585187,0.5632444515407952,0.7290741155038512,0.8094565175877477,0.4987574719591645,0.8274024270252541,0.7658385712860422,0.0655576869572857,0.5333262745513262,0.6505240919801739,0.4858569051580699,0.7095848801889977,0.7600453857791225,0.3463413151201321,0.0,0.7408785233939047,0.2455813953488372,0.4937035507844756
35,base,samlora_256_10_n2_VIT_L,samlora,2,0.5748383608324269,256,10,0.368019447633196,0.0630232258618469,0.633667989726827,0.0832706951207555,0.6571236430012489,0.4440821256038647,0.6077276357827476,0.6339487169202074,0.8260013131976363,0.5500795653017659,0.726266771174328,0.8309019930141771,0.7688948010198426,0.5710600375234521,0.7822381378692927,0.7673946924571404,0.4259229405126551,0.8777298920149146,0.7831700549294978,0.4483285416992457,0.4083206312202995,0.8011426060206548,0.4354454502143878,0.6952065431204059,0.7247023543901612,0.2754243443474762,0.2870991194765328,0.7467359323280618,0.4384620694415683,0.5837595540486179
36,base,samlora_256_10_n32_VIT_B,samlora,32,0.5500844718411568,256,10,0.7093516822304633,0.0101436338553923,0.0,0.0243617270041028,0.6328127557869233,0.274006116207951,0.67288534009925,0.6852959866634756,0.8362994691119691,0.7259851052837178,0.6256425538255234,0.7250592885375494,0.8022168718484531,0.542746529233349,0.7987426632173357,0.8169348939283102,0.4340471235819292,0.8238585678371584,0.7392373373865617,0.6383786268143338,0.5281693944795549,0.6679700782046922,0.4540954095409541,0.7053360421244662,0.7421263060893863,0.4174913061665345,0.1652098206512275,0.7974779754707203,0.1861111754755891,0.3205403745778323
37,base,samlora_256_10_n32_VIT_L,samlora,32,0.5549091298005416,256,10,0.433245478505862,0.1245487364620938,0.5291479820627802,0.3088756913961105,0.611703511053316,0.2848591964180511,0.6167805411314566,0.7269640589631756,0.8016129501848779,0.7908106147805932,0.45458984375,0.7361519710851475,0.6924030983564358,0.6487038267970753,0.6501309574444271,0.7500118989068871,0.5253224711473184,0.7576742779373961,0.6631212926978932,0.420353701276581,0.4250053187717183,0.6886950392105031,0.482541222114452,0.8024357239512855,0.7143585386576041,0.3129636975953138,0.4414689975084571,0.6688073273763308,0.2200191942498928,0.3639667342232162
38,base,samlora_256_10_n8_VIT_B,samlora,8,0.5699444666666668,256,10,0.701509,0.066568,0.363434,0.114387,0.615121,0.294325,0.676186,0.727299,0.858883,0.83029,0.609025,0.739657,0.79066,0.627031,0.756186,0.771746,0.421457,0.861069,0.741713,0.677128,0.522272,0.753627,0.524785,0.683438,0.733224,0.378203,0.059196,0.806049,0.151755,0.242111
39,base,samlora_256_10_n8_VIT_L,samlora,8,0.4993206666666666,256,10,0.413628,0.125225,0.366178,0.151116,0.559438,0.206583,0.674998,0.609343,0.753134,0.782168,0.452594,0.525862,0.72983,0.626857,0.701568,0.766753,0.403386,0.531577,0.721542,0.567805,0.401471,0.458368,0.463189,0.632624,0.682438,0.285691,0.188398,0.794504,0.198167,0.205185
40,base,samlora_256_25_n128_VIT_B,samlora,128,0.4473447333333333,256,25,0.311866,0.183412,0.110747,0.126786,0.609981,0.22137,0.465552,0.644636,0.693536,0.773163,0.392478,0.448514,0.552376,0.714981,0.532664,0.652354,0.345943,0.886206,0.438398,0.751142,0.272106,0.347032,0.175446,0.457344,0.731057,0.262521,0.296835,0.479696,0.109749,0.432451
41,base,samlora_256_25_n128_VIT_L,samlora,128,0.5394759757371634,256,25,0.3252710592160133,0.217032967032967,0.2074600355239786,0.0968848996832101,0.7401857956248127,0.3392149801944544,0.6666254329539831,0.8037424325811777,0.8334127059719973,0.8615812999193962,0.6105263157894737,0.5353426623609616,0.5923223109083998,0.7385918143327583,0.7315644383184011,0.7344715617471457,0.3818306010928962,0.8901639344262295,0.6880636604774536,0.6508574659212262,0.5073529411764706,0.3522048364153627,0.220419202163624,0.7956403269754768,0.7969316596931659,0.2726657475874169,0.3541440069610616,0.5393836875781423,0.2367094408799266,0.4636810486073184
42,base,samlora_256_25_n2_VIT_B,samlora,2,0.468958922131567,256,25,0.4114653094026252,0.1796969696969697,0.2393429800547516,0.0091880742546409,0.3283195020746888,0.2597597597597597,0.6194436044753553,0.6946238799749948,0.785405176071277,0.6326637293704727,0.5145430662413211,0.5637202697905573,0.7322147993268397,0.7120532260560112,0.7772702357025397,0.7691123088769112,0.3337605742117406,0.5803571428571429,0.7836644591611479,0.343896743732519,0.40705734089477,0.2819441389927424,0.1416735708367854,0.7388877403349183,0.6416223901818454,0.2701227830832196,0.0,0.7623280423280423,0.1256357633621843,0.4289940828402367
43,base,samlora_256_25_n2_VIT_L,samlora,2,0.3126306772057756,256,25,0.0879301827762226,0.0258481421647819,0.0539289846044317,0.0285363950507189,0.4257617728531856,0.2069851652844294,0.1939256131232743,0.5775274775183941,0.7223527505468686,0.3722836528198779,0.4008771929824561,0.1232633279483037,0.7574042529809331,0.2500707854351888,0.626691932864104,0.6716652781634731,0.1016202888340965,0.2371119339219595,0.2071917808219178,0.1209530738450345,0.304587734510484,0.1141381766381766,0.0263687600644122,0.5439898910124783,0.6883852691218131,0.3595477903391572,0.0077783697389451,0.7284093094825929,0.1528374892519346,0.2609475414736212
44,base,samlora_256_25_n32_VIT_B,samlora,32,0.5540080585173622,256,25,0.4193168433451119,0.0125,0.6239316239316239,0.0701731288262787,0.5052470317885868,0.218888755550222,0.8273272073511786,0.7708163818822891,0.7501704158145875,0.6967907149642725,0.6626301767982562,0.7542087542087542,0.7583350590184303,0.8072463768115942,0.8169779286926995,0.7119130613081812,0.4948729380294249,0.8807439824945296,0.8518395757374876,0.385488205434458,0.3166436464088398,0.7130730050933786,0.4139650872817955,0.8559817119634239,0.7697397441552712,0.248623716708823,0.0608581956495899,0.5873790879778904,0.1287250925762652,0.5058343057176196
45,base,samlora_256_25_n32_VIT_L,samlora,32,0.4517052004891989,256,25,0.4688199552286536,0.172646686365555,0.4835164835164835,0.0815244825845532,0.3084663285083921,0.1426100037608123,0.4755294221672045,0.6116131123627375,0.3961090876787776,0.5924517920116049,0.4101326899879373,0.6870229007633588,0.5518839339821053,0.8012411653163247,0.471492114840275,0.5563753007217321,0.5709515859766278,0.8981969486823855,0.8360655737704918,0.3663203443690699,0.1572604106059346,0.7487980769230769,0.3365079365079365,0.5300489168413697,0.5932378878217716,0.3280968876715271,0.2268726774887541,0.4569673341603166,0.0715594089632433,0.2188365650969529
46,base,samlora_256_25_n8_VIT_B,samlora,8,0.4460132,256,25,0.508537,0.0,0.0,0.0,0.581913,0.145107,0.784762,0.430748,0.805181,0.597123,0.503813,0.652152,0.544098,0.574876,0.680882,0.765188,0.383844,0.734122,0.805223,0.382897,0.4554,0.467115,0.26958,0.600777,0.586684,0.083006,0.0,0.701247,0.037903,0.298218
47,base,samlora_256_25_n8_VIT_L,samlora,8,0.5551438210941417,256,25,0.5439887837364178,0.1400116482236459,0.7266099635479951,0.0657043794722994,0.7255241392575495,0.1074132578027125,0.4584967047634938,0.6644183601962158,0.8501546246837223,0.8623531986286381,0.4773991655076495,0.8198294243070362,0.6180294151887927,0.7748543174995586,0.7648514851485149,0.7080633908103259,0.6535064935064935,0.8951461517833199,0.8821316614420063,0.6257432668765303,0.368668800602523,0.6251217137293087,0.3995327102803738,0.839605017347211,0.7676470588235295,0.1687809043703428,0.2656807751147373,0.5259440761026233,0.1407010710808179,0.1884026729898685
48,base,samlora_512_10_n128_VIT_B,samlora,128,0.5915387280127342,512,10,0.4183997180119845,0.296591087605383,0.5653685674547984,0.0965860028221815,0.7239632463403557,0.3100539634306072,0.7443844606753467,0.7968484611348742,0.8575808724468464,0.8338274452501857,0.6374295377677565,0.7528200098087298,0.7685051244960143,0.7193022722056461,0.7728724589595662,0.7957314453628443,0.4981837052413077,0.8092131434481661,0.8212450028555112,0.4457362473838314,0.5467645965042767,0.6770069882393046,0.3332144131287906,0.7701406649616368,0.8036665263282294,0.2753435096325578,0.3458657144857523,0.6272089113612156,0.1488322254912644,0.5534755175470616
49,base,samlora_512_10_n128_VIT_L,samlora,128,0.5902542939157805,512,10,0.5258514205046761,0.4251515151515151,0.3243048681724106,0.1450248847029046,0.7329578112426716,0.1516353832850094,0.7190290769035426,0.797712898171467,0.8732876169963416,0.8609181437150115,0.6988813573418722,0.7336638923322117,0.6503286238830679,0.6879848528676993,0.7649735644580057,0.8214069820160194,0.4579148394398076,0.8299412415907349,0.8367493508645931,0.7069774575921852,0.4781486722717056,0.4497553203596222,0.5372975842845766,0.7029820464724572,0.8202806699864192,0.260775238646225,0.5162376998315653,0.5128137174356664,0.1738308839350028,0.5108112030184299
50,base,samlora_512_10_n2_VIT_B,samlora,2,0.5194773530549515,512,10,0.5426289393845583,0.0,0.4076074195820615,0.0149606013290242,0.6846247312832975,0.2712741079043662,0.1664807331564899,0.2872443308939217,0.8622922410397794,0.5761404422832002,0.673524329971471,0.7987006960556845,0.5974912520526511,0.6343713956170703,0.8456702366284397,0.8732338149596871,0.4968004653868528,0.8603766988594153,0.8524590163934426,0.1497861716637,0.5795886861112642,0.819249318515412,0.6125084976206662,0.8143492120504647,0.7666268933492426,0.1670938285015955,0.0,0.7660032885411351,0.0323143789354555,0.430918863578193
51,base,samlora_512_10_n2_VIT_L,samlora,2,0.5737982166434823,512,10,0.0015993602558976,0.5307066304976209,0.6268454098082471,0.2123150009135757,0.690033590686059,0.5834616339706978,0.7570991914809703,0.6633488758598403,0.8175576979257961,0.7444370798219866,0.7722826583782796,0.7452779276848354,0.7239869087716955,0.6929687009973029,0.7992445439283715,0.8062927776075186,0.4784845650140318,0.7303502597620245,0.7901317258316588,0.2988836594188805,0.5857036114570361,0.7070412258299891,0.0,0.7703222703222703,0.7454871306005719,0.3873238911388062,0.0739003054851792,0.6730528635183837,0.320301795469509,0.485505206867436
52,base,samlora_512_10_n32_VIT_B,samlora,32,0.5251281483278815,512,10,0.5488317966162385,0.2027951483611029,0.4031467335537567,0.1117595269075241,0.6383419689119171,0.1506380020852986,0.7128212927756654,0.6633563670743049,0.8096946641882448,0.8020762963861126,0.5288396010160461,0.5956647036712192,0.7054982078321076,0.5985930735930736,0.7659400321938177,0.7513929859062602,0.4269136701878545,0.7272334293948127,0.7687956204379562,0.6782796615918364,0.3772708984556343,0.4467268623024831,0.2836639932460954,0.6856247658617989,0.7628088029174777,0.2182361470161786,0.3886902827429314,0.6170614398014067,0.1155219348043172,0.2676265400029687
53,base,samlora_512_10_n32_VIT_L,samlora,32,0.4910053254017956,512,10,0.4140604536644141,0.2304564990126611,0.3894536923248799,0.1067844689367523,0.6363753511507435,0.1464770508104999,0.6859962368389447,0.65557886189864,0.7231752864467937,0.8241614792918559,0.4327805669658705,0.628464612607967,0.6570645180848699,0.6941211138942095,0.5949092037870557,0.7029620041117794,0.4977540524705423,0.57363692170322,0.7334893830463133,0.6372210252449286,0.3326923597757495,0.4919251630202937,0.3150015276504735,0.544987674609696,0.7003632897839447,0.2123052503363423,0.1361299381931161,0.5612062164226767,0.1553646916728175,0.3152608682958162
54,base,samlora_512_10_n8_VIT_B,samlora,8,0.4669789333333334,512,10,0.695836,0.036119,0.405009,0.0,0.614537,0.152291,0.242356,0.249874,0.733188,0.489619,0.574013,0.744006,0.691671,0.551121,0.736055,0.807381,0.538058,0.681138,0.831518,0.227273,0.410942,0.587717,0.270396,0.737654,0.715325,0.09651,0.038993,0.691845,0.171159,0.287764
55,base,samlora_512_10_n8_VIT_L,samlora,8,0.5487879,512,10,0.428633,0.200812,0.739785,0.120697,0.653525,0.171076,0.776118,0.63856,0.857602,0.802696,0.570775,0.807165,0.713055,0.73341,0.703196,0.799809,0.518372,0.832245,0.823917,0.347801,0.430511,0.561333,0.617285,0.831866,0.720196,0.08785,0.158955,0.552492,0.077909,0.185991
56,base,samlora_512_25_n128_VIT_B,samlora,128,0.5500723228844056,512,25,0.585698886094143,0.1999497613664908,0.4119850187265917,0.0557196298483953,0.7074178812268871,0.4464330101913994,0.7531869397154372,0.7634945911811543,0.8089000192641109,0.8298689070761208,0.6082659478885895,0.6884446611409069,0.4496366751344006,0.7540206534619942,0.4498812841953133,0.7282805671037202,0.6167064439140811,0.838947070478347,0.3659147869674185,0.67570712948439,0.5380082498526813,0.4448502556610664,0.38,0.6567234848484849,0.7736537605696484,0.1761269089967829,0.3920750782064651,0.7223536673181772,0.2645446507515473,0.4153737658674189
57,base,samlora_512_25_n128_VIT_L,samlora,128,0.5309664666666667,512,25,0.714532,0.225318,0.60237,0.077913,0.756411,0.137981,0.73722,0.651092,0.810776,0.857873,0.54002,0.487378,0.556006,0.771149,0.45751,0.638041,0.561144,0.846763,0.6712,0.902305,0.473,0.713352,0.168897,0.394983,0.769738,0.208207,0.408067,0.409899,0.225288,0.154561
58,base,samlora_512_25_n2_VIT_B,samlora,2,0.2672760756020066,512,25,0.3723684210526315,0.0,0.0982658959537572,0.0415359881928155,0.5034799348437732,0.080363524966813,0.375089040398901,0.3537483266398929,0.6333287349979307,0.0236215577795735,0.1807260726072607,0.223922902494331,0.4961777443042741,0.4175031673326186,0.3847653077797628,0.2504667998820716,0.3367741935483871,0.4086657985083461,0.5532862978091347,0.1937554081338333,0.1540878033456373,0.2326183431952662,0.1261194029850746,0.3491017327522058,0.5771632471008028,0.1186512118018967,0.0,0.4560664419836302,0.0063944909001475,0.0702344767694311
59,base,samlora_512_25_n2_VIT_L,samlora,2,0.0507764814086938,512,25,0.0103322766232241,0.0,0.0,6.165608237252604e-05,0.0097467749641662,0.0001076744999865,9.0702947845805e-05,0.2277986241400875,0.1648760547141135,0.2190210725833426,0.0,0.0236464566361473,0.0,0.0413626253560697,0.0,0.07579691331314,0.0049367636206326,0.0152808988764044,0.0619927232017912,0.4982525999195137,0.0151749539594843,0.0016486535995603,0.0,0.0304526369215152,0.0339580814187827,0.0321238676644348,0.0116204438739316,0.0199182354059707,0.0032750726865621,0.0218186792517355
60,base,samlora_512_25_n32_VIT_B,samlora,32,0.5241712770361956,512,25,0.3461389212262321,0.4485503126776577,0.261252446183953,0.0035351303579319,0.7270118378572282,0.2629482071713147,0.4782876501385895,0.7368365460786902,0.8634784385857347,0.8316151202749141,0.6233827334744766,0.5821558336697618,0.4285515359122177,0.793288358415499,0.4391175627924744,0.8140657320156286,0.3142695356738392,0.8426023084994754,0.7172413793103448,0.4955855954866835,0.5891089108910891,0.8195637805684072,0.1252288538996704,0.774390243902439,0.7914391999613508,0.2300983702833651,0.0,0.5921478789793823,0.290741069841834,0.502504816955684
61,base,samlora_512_25_n32_VIT_L,samlora,32,0.5554708199423583,512,25,0.5451174289245982,0.0051319648093841,0.4991680532445923,0.0086526576019777,0.7584737162573574,0.3584366062917063,0.4659680431624818,0.8183062781146098,0.8914868105515588,0.8676179864131411,0.4721163837894007,0.6083499005964215,0.5034116278338522,0.7705641864268193,0.8649087221095335,0.8380974159615825,0.533690316822847,0.8279898218829517,0.487037037037037,0.753937200430402,0.5923030667468431,0.7881773399014779,0.2054054054054054,0.8578262024980069,0.7649077251228786,0.111264348305786,0.098515332315804,0.5016779721528025,0.2914737128847725,0.574111334674715
62,base,samlora_512_25_n8_VIT_B,samlora,8,0.3707554681069783,512,25,0.3745928338762215,0.0,0.241670012043356,0.0,0.5445446856498449,0.1493143727780599,0.2991427007964978,0.4755492558469171,0.8033350703491402,0.5217391304347826,0.4333122629582807,0.4528729125389187,0.4739942640105418,0.5721847293899696,0.6247027556301581,0.5820817324484806,0.32,0.6234977578475336,0.631979695431472,0.1014846585285384,0.3614413755258825,0.3727536231884057,0.0811479465611083,0.6353803210048848,0.6157238798489759,0.184972215510993,0.0,0.4276061278176097,0.0005899705014749,0.2170497526913005
63,base,samlora_512_25_n8_VIT_L,samlora,8,0.4969880565895721,512,25,0.3944742900997697,0.0,0.7017543859649122,0.0216707444949318,0.7238909886612294,0.1386966551326413,0.5313496280552603,0.7805413313825896,0.8224770642201835,0.6545376344086021,0.4810393258426966,0.5964912280701754,0.4494752821595934,0.5393538730198328,0.6175793833410033,0.3869780060071698,0.5985844287158746,0.8315817838857451,0.4225053078556263,0.5130357460430375,0.4523033969288041,0.5882352941176471,0.5985130111524164,0.6283240568954854,0.7718321066242292,0.2480474565401617,0.2077546296296296,0.4029945617628364,0.4052419354838709,0.4003781611912077
